{
  "properties": {
    "connectionReferences": {
      "shared_sharepointonline": {
        "runtimeSource": "embedded",
        "connection": {
          "connectionReferenceLogicalName": "new_sharedsharepointonline_a098a"
        },
        "api": {
          "name": "shared_sharepointonline"
        }
      }
    },
    "definition": {
      "$schema": "https://schema.management.azure.com/providers/Microsoft.Logic/schemas/2016-06-01/workflowdefinition.json#",
      "contentVersion": "1.0.0.0",
      "parameters": {
        "$connections": {
          "defaultValue": {},
          "type": "Object"
        },
        "$authentication": {
          "defaultValue": {},
          "type": "SecureObject"
        }
      },
      "triggers": {
        "Recorrência": {
          "recurrence": {
            "frequency": "Day",
            "interval": 1,
            "timeZone": "E. South America Standard Time",
            "schedule": {
              "hours": [
                "18"
              ]
            }
          },
          "metadata": {
            "operationMetadataId": "db6df498-a971-4327-bb70-cbd483f1e609"
          },
          "type": "Recurrence"
        }
      },
      "actions": {
        "Obter_itens": {
          "runAfter": {},
          "metadata": {
            "operationMetadataId": "7c01c75e-2d1a-4b19-8dea-3771002d6e5b"
          },
          "type": "OpenApiConnection",
          "inputs": {
            "host": {
              "connectionName": "shared_sharepointonline",
              "operationId": "GetItems",
              "apiId": "/providers/Microsoft.PowerApps/apis/shared_sharepointonline"
            },
            "parameters": {
              "dataset": "https://petrobrasbr.sharepoint.com/teams/OPRT-BG-Check-inPopulacional2",
              "table": "97af5411-4f50-4cab-9dd5-b6b94069bdcb"
            },
            "authentication": "@parameters('$authentication')"
          }
        },
        "Aplicar_a_cada": {
          "foreach": "@outputs('Obter_itens')?['body/value']",
          "actions": {
            "Condição": {
              "actions": {
                "Atualizar_item": {
                  "runAfter": {},
                  "metadata": {
                    "operationMetadataId": "d5ba8fec-a97d-49f2-badd-2a8fe8b53e63"
                  },
                  "type": "OpenApiConnection",
                  "inputs": {
                    "host": {
                      "connectionName": "shared_sharepointonline",
                      "operationId": "PatchItem",
                      "apiId": "/providers/Microsoft.PowerApps/apis/shared_sharepointonline"
                    },
                    "parameters": {
                      "dataset": "https://petrobrasbr.sharepoint.com/teams/OPRT-BG-Check-inPopulacional2",
                      "table": "97af5411-4f50-4cab-9dd5-b6b94069bdcb",
                      "id": "@items('Aplicar_a_cada')?['ID']",
                      "item/Briefingassistido": "@items('Aplicar_a_cada')?['Briefingassistido']",
                      "item/Title": "@items('Aplicar_a_cada')?['Title']",
                      "item/Colaborador/Claims": "@items('Aplicar_a_cada')?['Colaborador/Claims']",
                      "item/Matr_x00ed_cula": "@items('Aplicar_a_cada')?['Matr_x00ed_cula']",
                      "item/Empresa/Value": "@items('Aplicar_a_cada')?['Empresa/Value']",
                      "item/Chave": "@items('Aplicar_a_cada')?['Chave']",
                      "item/DatadeNascimento": "@items('Aplicar_a_cada')?['DatadeNascimento']",
                      "item/Setor": "@items('Aplicar_a_cada')?['Setor']",
                      "item/Local/Id": "@items('Aplicar_a_cada')?['Local/Id']",
                      "item/Sala/Value": "@items('Aplicar_a_cada')?['Sala/Value']",
                      "item/Briefingvencido_x003f_": "@items('Aplicar_a_cada')?['Briefingvencido_x003f_']",
                      "item/colaboradores_email": "@items('Aplicar_a_cada')?['Colaborador/Email']",
                      "item/Situa_x00e7__x00e3_o/Value": "Ausente",
                      "item/Turno/Value": "@items('Aplicar_a_cada')?['Turno/Value']"
                    },
                    "authentication": "@parameters('$authentication')"
                  }
                }
              },
              "runAfter": {},
              "expression": {
                "contains": [
                  "@items('Aplicar_a_cada')?['Turno/Value']",
                  "Administrativo"
                ]
              },
              "metadata": {
                "operationMetadataId": "fcc5e1f7-b018-42cf-952e-351668569b93"
              },
              "type": "If"
            }
          },
          "runAfter": {
            "Obter_itens": [
              "Succeeded"
            ]
          },
          "metadata": {
            "operationMetadataId": "72b59131-445f-4af7-8fdd-97e76a472ef1"
          },
          "type": "Foreach"
        }
      }
    },
    "templateName": ""
  },
  "schemaVersion": "1.0.0.0"
}