{
  "properties": {
    "connectionReferences": {
      "shared_sharepointonline": {
        "runtimeSource": "embedded",
        "connection": {
          "connectionReferenceLogicalName": "new_sharedsharepointonline_a098a"
        },
        "api": {
          "name": "shared_sharepointonline"
        }
      },
      "shared_office365": {
        "runtimeSource": "embedded",
        "connection": {
          "connectionReferenceLogicalName": "new_sharedoffice365_35dee"
        },
        "api": {
          "name": "shared_office365"
        }
      }
    },
    "definition": {
      "$schema": "https://schema.management.azure.com/providers/Microsoft.Logic/schemas/2016-06-01/workflowdefinition.json#",
      "contentVersion": "1.0.0.0",
      "parameters": {
        "$connections": {
          "defaultValue": {},
          "type": "Object"
        },
        "$authentication": {
          "defaultValue": {},
          "type": "SecureObject"
        }
      },
      "triggers": {
        "Recorrência": {
          "recurrence": {
            "frequency": "Day",
            "interval": 1,
            "timeZone": "E. South America Standard Time",
            "schedule": {
              "hours": [
                "8"
              ],
              "minutes": [
                30
              ]
            }
          },
          "metadata": {
            "operationMetadataId": "37ce14b5-ff38-41e3-a6a0-0951d792d1bb"
          },
          "type": "Recurrence"
        }
      },
      "actions": {
        "Obter_itens": {
          "runAfter": {},
          "metadata": {
            "operationMetadataId": "57865db1-71bc-4eb3-b18c-68dd64870678"
          },
          "type": "OpenApiConnection",
          "inputs": {
            "host": {
              "connectionName": "shared_sharepointonline",
              "operationId": "GetItems",
              "apiId": "/providers/Microsoft.PowerApps/apis/shared_sharepointonline"
            },
            "parameters": {
              "dataset": "https://petrobrasbr.sharepoint.com/teams/OPRT-BG-Check-inPopulacional2",
              "table": "97af5411-4f50-4cab-9dd5-b6b94069bdcb"
            },
            "authentication": "@parameters('$authentication')"
          }
        },
        "Aplicar_a_cada": {
          "foreach": "@outputs('Obter_itens')?['body/value']",
          "actions": {
            "Condição": {
              "actions": {
                "Enviar_um_email_(V2)": {
                  "runAfter": {},
                  "metadata": {
                    "operationMetadataId": "63c84e8e-57ae-4543-8ae1-7f8af655b5a6"
                  },
                  "type": "OpenApiConnection",
                  "inputs": {
                    "host": {
                      "connectionName": "shared_office365",
                      "operationId": "SendEmailV2",
                      "apiId": "/providers/Microsoft.PowerApps/apis/shared_office365"
                    },
                    "parameters": {
                      "emailMessage/To": "@items('Aplicar_a_cada')?['Colaborador/Email']",
                      "emailMessage/Subject": "Lembrete de Check-In",
                      "emailMessage/Body": "<p>\n  <span style=\"font-size: 18px\"><em><strong>Prezado(a) </strong></em></span>\n  <span style=\"font-size: 18px; color: #008542;\"><em><strong>@{items('Aplicar_a_cada')?['Colaborador/DisplayName']}</strong></em></span>\n  <span style=\"font-size: 18px\"><em><strong>,</strong></em></span><br><br>\n  Você está pendente fazer o Check-In do Porto Baía de Guanabara - PBG.<br><br>\n  <a href=\"https://apps.powerapps.com/play/e/b7b00cae-53a9-e55b-8e73-007dd2536908/a/22795c15-f4f4-42bc-978e-9b787a711888?tenantId=5b6f6241-9a57-4be4-8e50-1dfa72e79a57&amp;hint=1deb20c1-2cb4-4f8e-8b58-1d6da31166b2&amp;sourcetime=1754314897442&amp;source=portal\">\n    <strong>Acesse o link e conclua o seu check-in!</strong>\n  </a>\n</p>",
                      "emailMessage/From": "cc-hubdeinovacoes.pbg@petrobras.com.br",
                      "emailMessage/Sensitivity": "cdac03a7-e156-4c4b-b35d-d580a54520fa",
                      "emailMessage/ReplyTo": "cc-hubdeinovacoes.pbg@petrobras.com.br",
                      "emailMessage/Importance": "High"
                    },
                    "authentication": "@parameters('$authentication')"
                  }
                }
              },
              "runAfter": {},
              "expression": {
                "equals": [
                  "@items('Aplicar_a_cada')?['Situa_x00e7__x00e3_o/Value']",
                  "Ausente"
                ]
              },
              "metadata": {
                "operationMetadataId": "6dd9a070-2383-40bc-816c-5faffd6a023c"
              },
              "type": "If"
            }
          },
          "runAfter": {
            "Obter_itens": [
              "Succeeded"
            ]
          },
          "metadata": {
            "operationMetadataId": "696d419e-57cb-4f33-9e2b-7d5449ff6758"
          },
          "type": "Foreach"
        }
      }
    },
    "templateName": ""
  },
  "schemaVersion": "1.0.0.0"
}