{
  "properties": {
    "connectionReferences": {
      "shared_sharepointonline": {
        "runtimeSource": "embedded",
        "connection": {
          "connectionReferenceLogicalName": "new_sharedsharepointonline_a098a"
        },
        "api": {
          "name": "shared_sharepointonline"
        }
      },
      "shared_office365_1": {
        "runtimeSource": "embedded",
        "connection": {
          "connectionReferenceLogicalName": "new_sharedoffice365_21ce1"
        },
        "api": {
          "name": "shared_office365"
        }
      }
    },
    "definition": {
      "$schema": "https://schema.management.azure.com/providers/Microsoft.Logic/schemas/2016-06-01/workflowdefinition.json#",
      "contentVersion": "1.0.0.0",
      "parameters": {
        "$connections": {
          "defaultValue": {},
          "type": "Object"
        },
        "$authentication": {
          "defaultValue": {},
          "type": "SecureObject"
        }
      },
      "triggers": {
        "When_an_item_is_created": {
          "recurrence": {
            "interval": 5,
            "frequency": "Minute"
          },
          "splitOn": "@triggerOutputs()?['body/value']",
          "metadata": {
            "operationMetadataId": "40e839f8-42fe-48b2-9111-eed74e25a761"
          },
          "type": "OpenApiConnection",
          "inputs": {
            "host": {
              "connectionName": "shared_sharepointonline",
              "operationId": "GetOnNewItems",
              "apiId": "/providers/Microsoft.PowerApps/apis/shared_sharepointonline"
            },
            "parameters": {
              "dataset": "https://petrobrasbr.sharepoint.com/teams/OPRT-BG-Check-inPopulacional2",
              "table": "fc7be1b5-e7a2-4985-ad6a-34aad2becce9"
            },
            "authentication": "@parameters('$authentication')"
          }
        }
      },
      "actions": {
        "Inicializar_variável": {
          "runAfter": {
            "Get_items": [
              "Succeeded"
            ]
          },
          "metadata": {
            "operationMetadataId": "fd2f5102-b7b5-4b2b-aba4-e4a0da048110"
          },
          "type": "InitializeVariable",
          "inputs": {
            "variables": [
              {
                "name": "maiorNumeroChamado",
                "type": "integer",
                "value": 0
              }
            ]
          }
        },
        "Aplicar_a_cada": {
          "foreach": "@outputs('Get_items')?['body/value']",
          "actions": {
            "NumeroExtraido": {
              "runAfter": {},
              "metadata": {
                "operationMetadataId": "7f0c2221-ffbc-4234-b412-e824d39accd1"
              },
              "type": "Compose",
              "inputs": "@if(\r\n  and(\r\n    not(empty(item()?['N_x00fa_merodoagendamento'])),\r\n    startsWith(item()?['N_x00fa_merodoagendamento'], 'Chamado #')\r\n  ),\r\n  int(trim(substring(item()?['N_x00fa_merodoagendamento'], 9, 3))),\r\n  0\r\n)"
            },
            "Condição": {
              "actions": {
                "Definir_variável": {
                  "runAfter": {},
                  "metadata": {
                    "operationMetadataId": "948a783b-b94a-4b1a-aa46-50985e582344"
                  },
                  "type": "SetVariable",
                  "inputs": {
                    "name": "maiorNumeroChamado",
                    "value": "@outputs('NumeroExtraido')"
                  }
                }
              },
              "runAfter": {
                "NumeroExtraido": [
                  "Succeeded"
                ]
              },
              "expression": {
                "greater": [
                  "@outputs('NumeroExtraido')",
                  "@variables('maiorNumeroChamado')"
                ]
              },
              "metadata": {
                "operationMetadataId": "9299d6ab-1f3a-48e5-9539-74f4fc9dde0d"
              },
              "type": "If"
            }
          },
          "runAfter": {
            "Atraso": [
              "Succeeded"
            ]
          },
          "metadata": {
            "operationMetadataId": "1626e8a0-b852-4adb-9bc7-81d5cb30a20c"
          },
          "type": "Foreach"
        },
        "Get_items": {
          "runAfter": {},
          "metadata": {
            "operationMetadataId": "45f43fdd-cd85-482f-b795-e33f7f7b4fc9"
          },
          "type": "OpenApiConnection",
          "inputs": {
            "host": {
              "connectionName": "shared_sharepointonline",
              "operationId": "GetItems",
              "apiId": "/providers/Microsoft.PowerApps/apis/shared_sharepointonline"
            },
            "parameters": {
              "dataset": "https://petrobrasbr.sharepoint.com/teams/OPRT-BG-Check-inPopulacional2",
              "table": "fc7be1b5-e7a2-4985-ad6a-34aad2becce9",
              "$filter": "startswith(N_x00fa_merodoagendamento,'Chamado #')"
            },
            "authentication": "@parameters('$authentication')"
          }
        },
        "Incrementar_variável": {
          "runAfter": {
            "Aplicar_a_cada": [
              "Succeeded"
            ]
          },
          "metadata": {
            "operationMetadataId": "c7e649f2-6113-4f09-ba8f-aa69f70b4d34"
          },
          "type": "IncrementVariable",
          "inputs": {
            "name": "maiorNumeroChamado",
            "value": 1
          }
        },
        "ProximoNumeroFormatado": {
          "runAfter": {
            "Incrementar_variável": [
              "Succeeded"
            ]
          },
          "metadata": {
            "operationMetadataId": "5bd79746-6267-46b7-9506-b1842fa64a05"
          },
          "type": "Compose",
          "inputs": "@concat('Chamado #', substring(concat('000', string(variables('maiorNumeroChamado'))), sub(length(concat('000', string(variables('maiorNumeroChamado')))), 3), 3))"
        },
        "Atualizar_item": {
          "runAfter": {
            "ProximoNumeroFormatado": [
              "Succeeded"
            ]
          },
          "metadata": {
            "operationMetadataId": "1a7e2f70-f858-422a-9c32-b7a83784bdd2"
          },
          "type": "OpenApiConnection",
          "inputs": {
            "host": {
              "connectionName": "shared_sharepointonline",
              "operationId": "PatchItem",
              "apiId": "/providers/Microsoft.PowerApps/apis/shared_sharepointonline"
            },
            "parameters": {
              "dataset": "https://petrobrasbr.sharepoint.com/teams/OPRT-BG-Check-inPopulacional2",
              "table": "fc7be1b5-e7a2-4985-ad6a-34aad2becce9",
              "id": "@triggerOutputs()?['body/ID']",
              "item/Title": "@triggerOutputs()?['body/Title']",
              "item/N_x00fa_merodoagendamento": "@outputs('ProximoNumeroFormatado')",
              "item/Mesa/Value": "@triggerOutputs()?['body/Mesa/Value']",
              "item/Respons_x00e1_vel/Claims": "@triggerOutputs()?['body/Respons_x00e1_vel/Claims']",
              "item/DatadoAgendamento": "@triggerOutputs()?['body/DatadoAgendamento']",
              "item/Dataehoradasolicita_x00e7__x00e3": "@triggerOutputs()?['body/Dataehoradasolicita_x00e7__x00e3']",
              "item/Status/Value": "Ocupado",
              "item/Localdeagendamento/Value": "@triggerOutputs()?['body/Localdeagendamento/Value']"
            },
            "authentication": "@parameters('$authentication')"
          }
        },
        "Enviar_um_email_(V2)": {
          "runAfter": {
            "Atualizar_item": [
              "Succeeded"
            ]
          },
          "metadata": {
            "operationMetadataId": "5a912876-3aa2-49ce-b44f-78753ce358db"
          },
          "type": "OpenApiConnection",
          "inputs": {
            "host": {
              "connectionName": "shared_office365_1",
              "operationId": "SendEmailV2",
              "apiId": "/providers/Microsoft.PowerApps/apis/shared_office365"
            },
            "parameters": {
              "emailMessage/To": "@triggerOutputs()?['body/Respons_x00e1_vel/Email']",
              "emailMessage/Subject": "@{outputs('ProximoNumeroFormatado')} - @{formatDateTime(triggerOutputs()?['body/DatadoAgendamento'], 'dd/MM/yyyy')}",
              "emailMessage/Body": "<p><span style=\"font-size: 14px\"><strong>Prezado(a) </strong></span><span style=\"font-size: 14px\"><strong>@{triggerOutputs()?['body/Respons_x00e1_vel/DisplayName']}</strong></span><span style=\"font-size: 14px\"><strong>,</strong></span><br>\n<br>\nO seu agendamento <span style=\"font-size: 14px\"><strong></strong></span><span style=\"font-size: 14px\"><strong>@{outputs('ProximoNumeroFormatado')}</strong></span><span style=\"font-size: 14px\"><strong> </strong></span>foi feito com sucesso!<br>\n<br>\nFique atento ao seu e-mail para demais mudanças ou <a href=\"https://apps.powerapps.com/play/e/bda44dd9-7fef-ec43-8982-f3d48a9bdde5/a/bc5860a6-061b-4f5d-8904-7880e5d116c8?tenantId=5b6f6241-9a57-4be4-8e50-1dfa72e79a57&amp;hint=ed10fcda-1192-44d5-bd58-b88988620e44&amp;sourcetime=1751474587930&amp;source=portal#\">clique aqui</a> e acompanhe pelo app!</p>",
              "emailMessage/From": "cc-qualidade.pbg@petrobras.com.br",
              "emailMessage/Sensitivity": "cdac03a7-e156-4c4b-b35d-d580a54520fa",
              "emailMessage/Importance": "High"
            },
            "authentication": "@parameters('$authentication')"
          }
        },
        "Atraso": {
          "runAfter": {
            "Inicializar_variável": [
              "Succeeded"
            ]
          },
          "metadata": {
            "operationMetadataId": "5ede3f3e-b48b-4540-9138-5f11b1bf8574"
          },
          "type": "Wait",
          "inputs": {
            "interval": {
              "count": 30,
              "unit": "Second"
            }
          }
        }
      }
    },
    "templateName": ""
  },
  "schemaVersion": "1.0.0.0"
}