{
  "properties": {
    "connectionReferences": {
      "shared_microsoftforms": {
        "runtimeSource": "embedded",
        "connection": {
          "connectionReferenceLogicalName": "new_sharedmicrosoftforms_52aa8"
        },
        "api": {
          "name": "shared_microsoftforms"
        }
      },
      "shared_sharepointonline": {
        "runtimeSource": "embedded",
        "connection": {
          "connectionReferenceLogicalName": "new_sharedsharepointonline_a098a"
        },
        "api": {
          "name": "shared_sharepointonline"
        }
      },
      "shared_office365": {
        "runtimeSource": "embedded",
        "connection": {
          "connectionReferenceLogicalName": "new_sharedoffice365_35dee"
        },
        "api": {
          "name": "shared_office365"
        }
      }
    },
    "definition": {
      "$schema": "https://schema.management.azure.com/providers/Microsoft.Logic/schemas/2016-06-01/workflowdefinition.json#",
      "contentVersion": "1.0.0.0",
      "parameters": {
        "$connections": {
          "defaultValue": {},
          "type": "Object"
        },
        "$authentication": {
          "defaultValue": {},
          "type": "SecureObject"
        }
      },
      "triggers": {
        "Quando_uma_nova_resposta_é_enviada": {
          "splitOn": "@triggerOutputs()?['body/value']",
          "metadata": {
            "operationMetadataId": "c72ccd54-f0f4-4a6f-b1f5-4c7ed140fb52"
          },
          "type": "OpenApiConnectionWebhook",
          "inputs": {
            "host": {
              "connectionName": "shared_microsoftforms",
              "operationId": "CreateFormWebhook",
              "apiId": "/providers/Microsoft.PowerApps/apis/shared_microsoftforms"
            },
            "parameters": {
              "form_id": "QWJvW1ea5EuOUB36cueaVyB0PV-ArJ1ElOZMFK9PKJJUNDUxWTFXTk1WTU5JQU9GSVVaTFFMQzg0NC4u"
            },
            "authentication": "@parameters('$authentication')"
          }
        }
      },
      "actions": {
        "Get_response_details": {
          "runAfter": {},
          "metadata": {
            "operationMetadataId": "b11e2ba2-84cc-4efc-8b18-81c5039d9305"
          },
          "type": "OpenApiConnection",
          "inputs": {
            "host": {
              "connectionName": "shared_microsoftforms",
              "operationId": "GetFormResponseById",
              "apiId": "/providers/Microsoft.PowerApps/apis/shared_microsoftforms"
            },
            "parameters": {
              "form_id": "QWJvW1ea5EuOUB36cueaVyB0PV-ArJ1ElOZMFK9PKJJUNDUxWTFXTk1WTU5JQU9GSVVaTFFMQzg0NC4u",
              "response_id": "@triggerOutputs()?['body/resourceData/responseId']"
            },
            "authentication": "@parameters('$authentication')"
          }
        },
        "Criar_item": {
          "runAfter": {
            "Get_response_details": [
              "Succeeded"
            ]
          },
          "metadata": {
            "operationMetadataId": "61e850e5-b474-4fc4-ad7b-fad1654b87d0"
          },
          "type": "OpenApiConnection",
          "inputs": {
            "host": {
              "connectionName": "shared_sharepointonline",
              "operationId": "PostItem",
              "apiId": "/providers/Microsoft.PowerApps/apis/shared_sharepointonline"
            },
            "parameters": {
              "dataset": "https://petrobrasbr.sharepoint.com/teams/Novastecnologias404",
              "table": "4efa0bfc-edd6-4ced-8bd5-abd1f506e611",
              "item/Colaborador/Claims": "@outputs('Get_response_details')?['body/responder']",
              "item/Aplicativoavaliado/Value": "@outputs('Get_response_details')?['body/r67b3e707e260442394181cd346226f26']",
              "item/Nota": "@outputs('Get_response_details')?['body/re262311a9b2840a091559fd1187be483']",
              "item/Sugest_x00f5_esouCr_x00ed_ticas": "<p>@{outputs('Get_response_details')?['body/r3861ee7645b4404bae690d01e411478c']}</p>"
            },
            "authentication": "@parameters('$authentication')"
          }
        },
        "Send_an_email_(V2)": {
          "runAfter": {
            "Criar_item": [
              "Succeeded"
            ]
          },
          "metadata": {
            "operationMetadataId": "423885f9-197b-48a2-bb48-3ee48cd0f73d"
          },
          "type": "OpenApiConnection",
          "inputs": {
            "host": {
              "connectionName": "shared_office365",
              "operationId": "SendEmailV2",
              "apiId": "/providers/Microsoft.PowerApps/apis/shared_office365"
            },
            "parameters": {
              "emailMessage/To": "caio.daniel.prestserv@petrobras.com.br;tayron.rocha.prestserv@petrobras.com.br;wellington.s.santos.prestserv@petrobras.com.br",
              "emailMessage/Subject": "Pesquisa de satisfação - Aplicativo",
              "emailMessage/Body": "<p><span style=\"font-size: 16px\"><strong>Prezado(a),<br>\n<br>\n</strong></span><span style=\"font-size: 14px\">Uma pesquisa de satisfação referente ao aplicativo \"</span><span style=\"font-size: 14px\">@{outputs('Get_response_details')?['body/r67b3e707e260442394181cd346226f26']}</span><span style=\"font-size: 14px\">\" foi feita.<br>\n<br>\n</span><a href=\"https://petrobrasbr.sharepoint.com/teams/Novastecnologias404/Lists/Pesquisa%20de%20satisfao%20%20Aplicativos/AllItems.aspx\"><span style=\"font-size: 14px\">Clique aqui e saiba mais!</span></a><span style=\"font-size: 14px\">&nbsp;</span></p>",
              "emailMessage/From": "cc-qualidade.pbg@petrobras.com.br",
              "emailMessage/Sensitivity": "cdac03a7-e156-4c4b-b35d-d580a54520fa",
              "emailMessage/Importance": "High"
            },
            "authentication": "@parameters('$authentication')"
          }
        }
      }
    },
    "templateName": ""
  },
  "schemaVersion": "1.0.0.0"
}