{
  "properties": {
    "connectionReferences": {
      "shared_sharepointonline": {
        "runtimeSource": "embedded",
        "connection": {
          "connectionReferenceLogicalName": "new_sharedsharepointonline_a098a"
        },
        "api": {
          "name": "shared_sharepointonline"
        }
      },
      "shared_office365_1": {
        "runtimeSource": "embedded",
        "connection": {
          "connectionReferenceLogicalName": "new_sharedoffice365_21ce1"
        },
        "api": {
          "name": "shared_office365"
        }
      }
    },
    "definition": {
      "$schema": "https://schema.management.azure.com/providers/Microsoft.Logic/schemas/2016-06-01/workflowdefinition.json#",
      "contentVersion": "1.0.0.0",
      "parameters": {
        "$connections": {
          "defaultValue": {},
          "type": "Object"
        },
        "$authentication": {
          "defaultValue": {},
          "type": "SecureObject"
        }
      },
      "triggers": {
        "Quando_um_item_ou_arquivo_é_modificado": {
          "recurrence": {
            "interval": 5,
            "frequency": "Minute"
          },
          "splitOn": "@triggerOutputs()?['body/value']",
          "metadata": {
            "operationMetadataId": "e9deb5b8-35a5-4584-96d6-5daa544ccc88"
          },
          "type": "OpenApiConnection",
          "inputs": {
            "host": {
              "connectionName": "shared_sharepointonline",
              "operationId": "GetOnChangedItems",
              "apiId": "/providers/Microsoft.PowerApps/apis/shared_sharepointonline"
            },
            "parameters": {
              "dataset": "https://petrobrasbr.sharepoint.com/teams/Novastecnologias404",
              "table": "a85b00ca-a525-4dc6-be87-eb0d739376b3"
            },
            "authentication": "@parameters('$authentication')"
          }
        }
      },
      "actions": {
        "Obter_alterações_de_um_item_ou_um_arquivo_(somente_propriedades)": {
          "runAfter": {},
          "metadata": {
            "operationMetadataId": "ae422c9c-2948-4d4d-9a72-0489d707d336"
          },
          "type": "OpenApiConnection",
          "inputs": {
            "host": {
              "connectionName": "shared_sharepointonline",
              "operationId": "GetItemChanges",
              "apiId": "/providers/Microsoft.PowerApps/apis/shared_sharepointonline"
            },
            "parameters": {
              "dataset": "https://petrobrasbr.sharepoint.com/teams/Novastecnologias404",
              "table": "a85b00ca-a525-4dc6-be87-eb0d739376b3",
              "id": "@triggerOutputs()?['body/ID']",
              "since": "@triggerOutputs()?['body/{TriggerWindowStartToken}']",
              "until": "@triggerOutputs()?['body/{TriggerWindowEndToken}']",
              "includeDrafts": false
            },
            "authentication": "@parameters('$authentication')"
          }
        },
        "Condição": {
          "actions": {
            "Get_item": {
              "runAfter": {},
              "metadata": {
                "operationMetadataId": "a640450a-2a37-4124-a0ef-f0c2a9623781"
              },
              "type": "OpenApiConnection",
              "inputs": {
                "host": {
                  "connectionName": "shared_sharepointonline",
                  "operationId": "GetItem",
                  "apiId": "/providers/Microsoft.PowerApps/apis/shared_sharepointonline"
                },
                "parameters": {
                  "dataset": "https://petrobrasbr.sharepoint.com/teams/Novastecnologias404",
                  "table": "a85b00ca-a525-4dc6-be87-eb0d739376b3",
                  "id": "@triggerOutputs()?['body/ID']"
                },
                "authentication": "@parameters('$authentication')"
              }
            },
            "Selecionar_E-mail": {
              "runAfter": {
                "Get_item": [
                  "Succeeded"
                ]
              },
              "metadata": {
                "operationMetadataId": "72efc776-2848-46ed-9ee3-9a8934735eab"
              },
              "type": "Select",
              "inputs": {
                "from": "@outputs('Get_item')?['body/Atribui_x00e7__x00f5_es']",
                "select": {
                  "": "@item()?['Email']"
                }
              }
            },
            "Send_an_email_(V2)": {
              "runAfter": {
                "Selecionar_E-mail": [
                  "Succeeded"
                ]
              },
              "metadata": {
                "operationMetadataId": "011ddc06-858e-49c8-81d4-601d5d3d4246"
              },
              "type": "OpenApiConnection",
              "inputs": {
                "host": {
                  "connectionName": "shared_office365_1",
                  "operationId": "SendEmailV2",
                  "apiId": "/providers/Microsoft.PowerApps/apis/shared_office365"
                },
                "parameters": {
                  "emailMessage/To": "@replace(\r\n  replace(\r\n    replace(\r\n      join(body('Selecionar_E-mail'), '; '),\r\n      '{\"\":\"',\r\n      ''\r\n    ),\r\n    '\"}',\r\n    ''\r\n  ),\r\n  '}; {',\r\n  '; '\r\n)",
                  "emailMessage/Subject": "Comentário adicionado à sua tarefa!",
                  "emailMessage/Body": "<p>Prezado(a),<br>\n<br>\nFoi adicionado um comentário à sua tarefa <span style=\"font-size: 16px\"><strong>\"</strong></span><span style=\"font-size: 16px\"><strong>@{triggerOutputs()?['body/Tarefa']}</strong></span><span style=\"font-size: 16px\"><strong>\".<br>\n<br>\nComentários:<br>\n<br>\n</strong></span><span style=\"font-size: 16px\"><strong>@{last(split(triggerOutputs()?['body/Coment_x00e1_rios'], '<br><br>'))}</strong></span><span style=\"font-size: 16px\"><strong></strong></span></p>",
                  "emailMessage/From": "cc-qualidade.pbg@petrobras.com.br",
                  "emailMessage/Sensitivity": "cdac03a7-e156-4c4b-b35d-d580a54520fa",
                  "emailMessage/Importance": "High"
                },
                "authentication": "@parameters('$authentication')"
              }
            }
          },
          "runAfter": {
            "Obter_alterações_de_um_item_ou_um_arquivo_(somente_propriedades)": [
              "Succeeded"
            ]
          },
          "else": {
            "actions": {
              "Terminar": {
                "runAfter": {},
                "metadata": {
                  "operationMetadataId": "3b84b944-38f9-4936-b3cc-cd326bf692a9"
                },
                "type": "Terminate",
                "inputs": {
                  "runStatus": "Cancelled"
                }
              }
            }
          },
          "expression": {
            "equals": [
              "@outputs('Obter_alterações_de_um_item_ou_um_arquivo_(somente_propriedades)')?['body/ColumnHasChanged/Coment_x00e1_rios']",
              true
            ]
          },
          "metadata": {
            "operationMetadataId": "100b28cf-bac1-4b69-9877-6a2334fa2337"
          },
          "type": "If"
        }
      }
    },
    "templateName": ""
  },
  "schemaVersion": "1.0.0.0"
}