{
  "properties": {
    "connectionReferences": {
      "shared_sharepointonline": {
        "runtimeSource": "embedded",
        "connection": {
          "connectionReferenceLogicalName": "new_sharedsharepointonline_a098a"
        },
        "api": {
          "name": "shared_sharepointonline"
        }
      },
      "shared_office365_1": {
        "runtimeSource": "embedded",
        "connection": {
          "connectionReferenceLogicalName": "new_sharedoffice365_21ce1"
        },
        "api": {
          "name": "shared_office365"
        }
      }
    },
    "definition": {
      "$schema": "https://schema.management.azure.com/providers/Microsoft.Logic/schemas/2016-06-01/workflowdefinition.json#",
      "contentVersion": "1.0.0.0",
      "parameters": {
        "$connections": {
          "defaultValue": {},
          "type": "Object"
        },
        "$authentication": {
          "defaultValue": {},
          "type": "SecureObject"
        }
      },
      "triggers": {
        "Recorrência": {
          "recurrence": {
            "frequency": "Day",
            "interval": 1,
            "timeZone": "E. South America Standard Time",
            "schedule": {
              "hours": [
                "10"
              ]
            }
          },
          "metadata": {
            "operationMetadataId": "99b5b12b-2410-41ee-b7a3-e14eda27de21"
          },
          "type": "Recurrence"
        }
      },
      "actions": {
        "Obter_itens": {
          "runAfter": {},
          "metadata": {
            "operationMetadataId": "e02c3de8-2d10-440e-8e66-fccd5f75b68e"
          },
          "type": "OpenApiConnection",
          "inputs": {
            "host": {
              "connectionName": "shared_sharepointonline",
              "operationId": "GetItems",
              "apiId": "/providers/Microsoft.PowerApps/apis/shared_sharepointonline"
            },
            "parameters": {
              "dataset": "https://petrobrasbr.sharepoint.com/teams/Novastecnologias404",
              "table": "a85b00ca-a525-4dc6-be87-eb0d739376b3"
            },
            "authentication": "@parameters('$authentication')"
          }
        },
        "Aplicar_a_cada": {
          "foreach": "@outputs('Obter_itens')?['body/value']",
          "actions": {
            "Condição": {
              "actions": {
                "Update_item": {
                  "runAfter": {
                    "Selecionar_E-mail": [
                      "Succeeded"
                    ]
                  },
                  "metadata": {
                    "operationMetadataId": "dd40b8c1-5dae-4dcf-af99-621958240c56"
                  },
                  "type": "OpenApiConnection",
                  "inputs": {
                    "host": {
                      "connectionName": "shared_sharepointonline",
                      "operationId": "PatchItem",
                      "apiId": "/providers/Microsoft.PowerApps/apis/shared_sharepointonline"
                    },
                    "parameters": {
                      "dataset": "https://petrobrasbr.sharepoint.com/teams/Novastecnologias404",
                      "table": "a85b00ca-a525-4dc6-be87-eb0d739376b3",
                      "id": "@items('Aplicar_a_cada')?['ID']",
                      "item/Tarefa": "@items('Aplicar_a_cada')?['Tarefa']",
                      "item/Descri_x00e7__x00e3_o": "<p>@{items('Aplicar_a_cada')?['Descri_x00e7__x00e3_o']}</p>",
                      "item/Atribui_x00e7__x00f5_es": "@body('Selecionar_Claims')",
                      "item/Dataehoradein_x00ed_cio": "@items('Aplicar_a_cada')?['Dataehoradein_x00ed_cio']",
                      "item/Dataehoradeconclus_x00e3_o": "@items('Aplicar_a_cada')?['Dataehoradeconclus_x00e3_o']",
                      "item/Dataehoradaconclus_x00e3_o": "@items('Aplicar_a_cada')?['Dataehoradaconclus_x00e3_o']",
                      "item/Setor/Value": "@items('Aplicar_a_cada')?['Setor/Value']",
                      "item/Prioridade/Value": "@items('Aplicar_a_cada')?['Prioridade/Value']",
                      "item/Coment_x00e1_rios": "<p>@{items('Aplicar_a_cada')?['Coment_x00e1_rios']}</p>",
                      "item/Atrasada_x003f_": true,
                      "item/Conclu_x00ed_da_x003f_": false
                    },
                    "authentication": "@parameters('$authentication')"
                  }
                },
                "Selecionar_Claims": {
                  "runAfter": {},
                  "metadata": {
                    "operationMetadataId": "5b39439d-bf80-4e75-93c2-664b6f81d9b0"
                  },
                  "type": "Select",
                  "inputs": {
                    "from": "@items('Aplicar_a_cada')?['Atribui_x00e7__x00f5_es']",
                    "select": {
                      "Claims": "@item()?['Claims']"
                    }
                  }
                },
                "Selecionar_E-mail": {
                  "runAfter": {
                    "Selecionar_Claims": [
                      "Succeeded"
                    ]
                  },
                  "metadata": {
                    "operationMetadataId": "b3b643e2-3470-48b5-8e72-50542dba6bf6"
                  },
                  "type": "Select",
                  "inputs": {
                    "from": "@items('Aplicar_a_cada')?['Atribui_x00e7__x00f5_es']",
                    "select": {
                      "": "@item()?['Email']"
                    }
                  }
                },
                "Send_an_email_(V2)": {
                  "runAfter": {
                    "Update_item": [
                      "Succeeded"
                    ]
                  },
                  "metadata": {
                    "operationMetadataId": "b10acb41-ab15-4d58-b58a-b077cde36393"
                  },
                  "type": "OpenApiConnection",
                  "inputs": {
                    "host": {
                      "connectionName": "shared_office365_1",
                      "operationId": "SendEmailV2",
                      "apiId": "/providers/Microsoft.PowerApps/apis/shared_office365"
                    },
                    "parameters": {
                      "emailMessage/To": "@replace(\r\n  replace(\r\n    replace(\r\n      join(body('Selecionar_E-mail'), '; '),\r\n      '{\"\":\"',\r\n      ''\r\n    ),\r\n    '\"}',\r\n    ''\r\n  ),\r\n  '}; {',\r\n  '; '\r\n)",
                      "emailMessage/Subject": "Tarefa atrasada!",
                      "emailMessage/Body": "<p><span style=\"font-family: tahoma; font-size: 14px\">Prezado(a),<br>\n<br>\nSua tarefa </span><span style=\"font-family: tahoma; font-size: 18px\"><strong>\"</strong></span><span style=\"font-family: tahoma; font-size: 18px\"><strong>@{outputs('Update_item')?['body/Tarefa']}</strong></span><span style=\"font-family: tahoma; font-size: 18px\"><strong>\"</strong></span><span style=\"font-family: tahoma; font-size: 14px\"><strong> </strong></span><span style=\"font-family: tahoma; font-size: 14px\">está atrasada!</span><span style=\"font-size: 12px\"><br>\n<br>\n</span><a href=\"https://apps.powerapps.com/play/e/b7b00cae-53a9-e55b-8e73-007dd2536908/a/8cab080e-8824-4af9-b400-46edc1db6ecc?tenantId=5b6f6241-9a57-4be4-8e50-1dfa72e79a57&amp;hint=88eacbb7-7270-4387-86f1-38c07b07cf14&amp;sourcetime=1750769222338&amp;source=portal\"><span style=\"font-size: 12px\">Clique e saiba mais!</span></a><span style=\"font-size: 12px\"> &nbsp;</span></p>",
                      "emailMessage/From": "cc-qualidade.pbg@petrobras.com.br",
                      "emailMessage/Sensitivity": "cdac03a7-e156-4c4b-b35d-d580a54520fa",
                      "emailMessage/Importance": "High"
                    },
                    "authentication": "@parameters('$authentication')"
                  }
                }
              },
              "runAfter": {},
              "expression": {
                "less": [
                  "@items('Aplicar_a_cada')?['Dataehoradeconclus_x00e3_o']",
                  "@if(empty(items('Aplicar_a_cada')?['Dataehoradaconclus_x00e3_o']), formatDateTime(utcNow(),'yyyy-MM-ddTHH:mm:ssZ'), items('Aplicar_a_cada')?['Dataehoradaconclus_x00e3_o'])"
                ]
              },
              "metadata": {
                "operationMetadataId": "74650460-ef61-4507-94fa-bcf99f019e4e"
              },
              "type": "If"
            }
          },
          "runAfter": {
            "Obter_itens": [
              "Succeeded"
            ]
          },
          "metadata": {
            "operationMetadataId": "26dfe7de-e7ea-4e46-b981-b390afa24033"
          },
          "type": "Foreach"
        }
      },
      "outputs": {}
    },
    "templateName": ""
  },
  "schemaVersion": "1.0.0.0"
}