{
  "properties": {
    "connectionReferences": {
      "shared_office365_1": {
        "runtimeSource": "embedded",
        "connection": {
          "connectionReferenceLogicalName": "new_sharedoffice365_21ce1"
        },
        "api": {
          "name": "shared_office365"
        }
      },
      "shared_sharepointonline": {
        "runtimeSource": "embedded",
        "connection": {
          "connectionReferenceLogicalName": "new_sharedsharepointonline_a098a"
        },
        "api": {
          "name": "shared_sharepointonline"
        }
      }
    },
    "definition": {
      "$schema": "https://schema.management.azure.com/providers/Microsoft.Logic/schemas/2016-06-01/workflowdefinition.json#",
      "contentVersion": "1.0.0.0",
      "parameters": {
        "$connections": {
          "defaultValue": {},
          "type": "Object"
        },
        "$authentication": {
          "defaultValue": {},
          "type": "SecureObject"
        }
      },
      "triggers": {
        "When_an_item_is_created": {
          "recurrence": {
            "interval": 5,
            "frequency": "Minute"
          },
          "splitOn": "@triggerOutputs()?['body/value']",
          "metadata": {
            "operationMetadataId": "4a05451f-784e-453f-a5f8-af6960d8282d"
          },
          "type": "OpenApiConnection",
          "inputs": {
            "host": {
              "connectionName": "shared_sharepointonline",
              "operationId": "GetOnNewItems",
              "apiId": "/providers/Microsoft.PowerApps/apis/shared_sharepointonline"
            },
            "parameters": {
              "dataset": "https://petrobrasbr.sharepoint.com/teams/Novastecnologias404",
              "table": "a85b00ca-a525-4dc6-be87-eb0d739376b3"
            },
            "authentication": "@parameters('$authentication')"
          }
        }
      },
      "actions": {
        "Aplicar_a_cada": {
          "foreach": "@triggerOutputs()?['body/Atribui_x00e7__x00f5_es']",
          "actions": {
            "Send_an_email_(V2)": {
              "runAfter": {},
              "metadata": {
                "operationMetadataId": "2f282ea8-2435-47e2-a900-45af9891b7ce"
              },
              "type": "OpenApiConnection",
              "inputs": {
                "host": {
                  "connectionName": "shared_office365_1",
                  "operationId": "SendEmailV2",
                  "apiId": "/providers/Microsoft.PowerApps/apis/shared_office365"
                },
                "parameters": {
                  "emailMessage/To": "@items('Aplicar_a_cada')?['Email']",
                  "emailMessage/Subject": "Tarefa criada!",
                  "emailMessage/Body": "<p><span style=\"font-size: 16px\"><strong>Prezado </strong></span><span style=\"font-size: 16px\"><strong>@{items('Aplicar_a_cada')?['DisplayName']}</strong></span><span style=\"font-size: 16px\"><strong>,</strong></span><br>\n<br>\nFoi criada a tarefa \"@{triggerOutputs()?['body/Tarefa']}\" pelo(a) colaborador(a) @{triggerOutputs()?['body/Author/DisplayName']}.<br>\n<br>\n<span style=\"font-size: 16px\"><strong>Detalhes da tarefa:<br>\n</strong></span><br>\nTarefa: @{triggerOutputs()?['body/Tarefa']}<br>\nAtribuições: @{variables('displayname')}<br>\nPrazo definido: <span style=\"font-size: 16px\"><strong></strong></span><span style=\"font-size: 16px\"><strong>@{if(\r\n  empty(triggerOutputs()?['body/Dataehoradeconclus_x00e3_o']),\r\n  '',\r\n  formatDateTime(triggerOutputs()?['body/Dataehoradeconclus_x00e3_o'], 'dd/MM/yyyy HH:mm')\r\n)}</strong></span><span style=\"font-size: 16px\"><strong></strong></span><br>\nSetor: @{triggerOutputs()?['body/Setor/Value']}<br>\nPrioridade: @{triggerOutputs()?['body/Prioridade/Value']}<br>\n<br>\n<a href=\"https://apps.powerapps.com/play/e/b7b00cae-53a9-e55b-8e73-007dd2536908/a/8cab080e-8824-4af9-b400-46edc1db6ecc?tenantId=5b6f6241-9a57-4be4-8e50-1dfa72e79a57&amp;hint=88eacbb7-7270-4387-86f1-38c07b07cf14&amp;sourcetime=1750769222338&amp;source=portal\">Clique aqui e saiba mais!</a> &nbsp;</p>",
                  "emailMessage/From": "cc-qualidade.pbg@petrobras.com.br",
                  "emailMessage/Sensitivity": "cdac03a7-e156-4c4b-b35d-d580a54520fa",
                  "emailMessage/Importance": "High"
                },
                "authentication": "@parameters('$authentication')"
              }
            }
          },
          "runAfter": {
            "Aplicar_a_cada_2": [
              "Succeeded"
            ]
          },
          "metadata": {
            "operationMetadataId": "1254d55b-7a73-43ac-b933-67aa4403c510"
          },
          "type": "Foreach"
        },
        "Inicializar_variável": {
          "runAfter": {},
          "metadata": {
            "operationMetadataId": "305959c5-f14c-4492-b43b-bdd4e12fc9c9"
          },
          "type": "InitializeVariable",
          "inputs": {
            "variables": [
              {
                "name": "displayname",
                "type": "string"
              }
            ]
          }
        },
        "Aplicar_a_cada_2": {
          "foreach": "@triggerOutputs()?['body/Atribui_x00e7__x00f5_es']",
          "actions": {
            "Acrescentar_à_variável_de_cadeia": {
              "runAfter": {},
              "metadata": {
                "operationMetadataId": "ea2f2186-2cc5-4db0-b807-e05bb1ca30cb"
              },
              "type": "AppendToStringVariable",
              "inputs": {
                "name": "displayname",
                "value": "@concat(item()?['DisplayName'], ', ')\r\n"
              }
            }
          },
          "runAfter": {
            "Inicializar_variável": [
              "Succeeded"
            ]
          },
          "metadata": {
            "operationMetadataId": "1595bc69-8efd-4665-877f-94f9e7d65aaa"
          },
          "type": "Foreach"
        }
      }
    },
    "templateName": ""
  },
  "schemaVersion": "1.0.0.0"
}